"volume_kendaraan_lolos,""kapaistas_jalan"",""derajat_kejenuhan"",""red_detik"",""level_of_service"","""""
"964,""2617"",""0.36836071837982"",""286"",""0"","""""
"689,""2671"",""0.25795582178959"",""286"",""0"","""""
"1592,""2514"",""0.6332537788385"",""286"",""0"","""""
"1581,""943"",""1.6765641569459"",""286"",""1"","""""
"1030,""2671"",""0.38562336203669"",""286"",""0"","""""
"664,""2671"",""0.2485960314489"",""286"",""0"","""""
"1894,""2514"",""0.75338106603023"",""286"",""1"","""""
"1626,""943"",""1.7242841993637"",""286"",""1"","""""
"992,""2671"",""0.37139648071883"",""286"",""0"","""""
"612,""2671"",""0.22912766754025"",""286"",""0"","""""
"2070,""2514"",""0.82338902147971"",""286"",""1"","""""
"1589,""943"",""1.6850477200424"",""286"",""1"","""""
"941,""2671"",""0.35230250842381"",""286"",""0"","""""
"548,""2671"",""0.20516660426806"",""286"",""0"","""""
"2067,""2514"",""0.82219570405728"",""286"",""1"","""""
"1530,""943"",""1.6224814422057"",""286"",""1"","""""
"893,""2671"",""0.33433171096967"",""286"",""0"","""""
"472,""2671"",""0.17671284163235"",""286"",""0"","""""
"1714,""2514"",""0.68178202068417"",""286"",""0"","""""
"1527,""943"",""1.6193001060445"",""286"",""1"","""""
"598,""2671"",""0.22388618494946"",""286"",""0"","""""
"293,""2671"",""0.10969674279296"",""286"",""0"","""""
"1054,""2514"",""0.41925218774861"",""286"",""0"","""""
"1124,""943"",""1.1919406150583"",""286"",""1"","""""
"584,""2671"",""0.21864470235867"",""286"",""0"","""""
"305,""2671"",""0.1141894421565"",""286"",""0"","""""
"1161,""2514"",""0.4618138424821"",""286"",""0"","""""
"1225,""943"",""1.2990455991516"",""286"",""1"","""""
"573,""2671"",""0.21452639460876"",""286"",""0"","""""
"299,""2671"",""0.11194309247473"",""286"",""0"","""""
"1199,""2514"",""0.4769291964996"",""286"",""0"","""""
"1281,""943"",""1.3584305408271"",""286"",""1"","""""
"610,""2671"",""0.22837888431299"",""286"",""0"","""""
"295,""2671"",""0.11044552602022"",""286"",""0"","""""
"1176,""2514"",""0.46778042959427"",""286"",""0"","""""
"1261,""943"",""1.3372216330859"",""286"",""1"","""""
"624,""2671"",""0.23362036690378"",""286"",""0"","""""
"297,""2671"",""0.11119430924747"",""286"",""0"","""""
"1018,""2514"",""0.4049323786794"",""286"",""0"","""""
"1240,""943"",""1.3149522799576"",""286"",""1"","""""
"686,""2671"",""0.25683264694871"",""286"",""0"","""""
"243,""2671"",""0.090977162111569"",""286"",""0"","""""
"915,""2514"",""0.36396181384248"",""286"",""0"","""""
"1426,""943"",""1.5121951219512"",""286"",""1"","""""
"738,""2671"",""0.27630101085736"",""286"",""0"","""""
"234,""2671"",""0.087607637588918"",""286"",""0"","""""
"900,""2514"",""0.35799522673031"",""286"",""0"","""""
"1439,""943"",""1.525980911983"",""286"",""1"","""""
"728,""2671"",""0.27255709472108"",""286"",""0"","""""
"221,""2671"",""0.082740546611756"",""286"",""0"","""""
"946,""2514"",""0.37629276054097"",""286"",""0"","""""
"1442,""943"",""1.5291622481442"",""286"",""1"","""""
"690,""2671"",""0.25833021340322"",""286"",""0"","""""
"202,""2671"",""0.075627105952827"",""286"",""0"","""""
"935,""2514"",""0.37191726332538"",""286"",""0"","""""
"1431,""943"",""1.5174973488865"",""286"",""1"","""""
"611,""2671"",""0.22875327592662"",""286"",""0"","""""
"207,""2671"",""0.077499064020966"",""286"",""0"","""""
"924,""2514"",""0.36754176610979"",""286"",""0"","""""
"1411,""943"",""1.4962884411453"",""286"",""1"","""""
"997,""2617"",""0.38097057699656"",""286"",""0"","""""
"785,""2671"",""0.29389741669787"",""286"",""0"","""""
"1800,""2514"",""0.71599045346062"",""286"",""0"","""""
"1500,""943"",""1.5906680805938"",""286"",""1"","""""
"987,""2671"",""0.36952452265069"",""286"",""0"","""""
"556,""2671"",""0.20816173717709"",""286"",""0"","""""
"1765,""2514"",""0.70206841686555"",""286"",""0"","""""
"1234,""943"",""1.3085896076352"",""286"",""1"","""""
"534,""2671"",""0.19992512167727"",""286"",""0"","""""
"599,""2671"",""0.22426057656308"",""286"",""0"","""""
"2001,""2514"",""0.79594272076372"",""286"",""1"","""""
"1299,""943"",""1.3775185577943"",""286"",""1"","""""
"879,""2671"",""0.32909022837888"",""286"",""0"","""""
"5002,""2671"",""1.8727068513665"",""286"",""1"","""""
"1998,""2514"",""0.79474940334129"",""286"",""1"","""""
"1492,""943"",""1.5821845174973"",""286"",""1"","""""
"893,""2671"",""0.33433171096967"",""286"",""0"","""""
"563,""2671"",""0.21078247847248"",""286"",""0"","""""
"1872,""2514"",""0.74463007159905"",""286"",""0"","""""
"1501,""943"",""1.5917285259809"",""286"",""1"","""""
"600,""2671"",""0.22463496817671"",""286"",""0"","""""
"287,""2671"",""0.10745039311119"",""286"",""0"","""""
"986,""2514"",""0.39220365950676"",""286"",""0"","""""
"1119,""943"",""1.186638388123"",""286"",""1"","""""
"498,""2671"",""0.18644702358667"",""286"",""0"","""""
"298,""2671"",""0.1115687008611"",""286"",""0"","""""
"1098,""2514"",""0.43675417661098"",""286"",""0"","""""
"1225,""943"",""1.2990455991516"",""286"",""1"","""""
"573,""2671"",""0.21452639460876"",""286"",""0"","""""
"299,""2671"",""0.11194309247473"",""286"",""0"","""""
"1199,""2514"",""0.4769291964996"",""286"",""0"","""""
"1281,""943"",""1.3584305408271"",""286"",""1"","""""
"610,""2671"",""0.22837888431299"",""286"",""0"","""""
"295,""2671"",""0.11044552602022"",""286"",""0"","""""
"1176,""2514"",""0.46778042959427"",""286"",""0"","""""
"1261,""943"",""1.3372216330859"",""286"",""1"","""""
"624,""2671"",""0.23362036690378"",""286"",""0"","""""
"297,""2671"",""0.11119430924747"",""286"",""0"","""""
"1018,""2514"",""0.4049323786794"",""286"",""0"","""""
"1240,""943"",""1.3149522799576"",""286"",""1"","""""
"686,""2671"",""0.25683264694871"",""286"",""0"","""""
"243,""2671"",""0.090977162111569"",""286"",""0"","""""
"915,""2514"",""0.36396181384248"",""286"",""0"","""""
"1426,""943"",""1.5121951219512"",""286"",""1"","""""
"738,""2671"",""0.27630101085736"",""286"",""0"","""""
"234,""2671"",""0.087607637588918"",""286"",""0"","""""
"900,""2514"",""0.35799522673031"",""286"",""0"","""""
"1439,""943"",""1.525980911983"",""286"",""1"","""""
"728,""2671"",""0.27255709472108"",""286"",""0"","""""
"221,""2671"",""0.082740546611756"",""286"",""0"","""""
"946,""2514"",""0.37629276054097"",""286"",""0"","""""
"1442,""943"",""1.5291622481442"",""286"",""1"","""""
"650,""2671"",""0.24335454885811"",""286"",""0"","""""
"202,""2671"",""0.075627105952827"",""286"",""0"","""""
"935,""2514"",""0.37191726332538"",""286"",""0"","""""
"1431,""943"",""1.5174973488865"",""286"",""1"","""""
"597,""2671"",""0.22351179333583"",""286"",""0"","""""
"200,""2671"",""0.074878322725571"",""286"",""0"","""""
"925,""2514"",""0.36793953858393"",""286"",""0"","""""
"1400,""943"",""1.4846235418876"",""286"",""1"","""""
"611,""2671"",""0.22875327592662"",""286"",""0"","""""
"207,""2671"",""0.077499064020966"",""286"",""0"","""""
"924,""2514"",""0.36754176610979"",""286"",""0"","""""
"1411,""943"",""1.4962884411453"",""286"",""1"","""""
"245,""2671"",""0.091725945338824"",""286"",""0"","""""
"654,""2671"",""0.24485211531262"",""286"",""0"","""""
"936,""2514"",""0.37231503579952"",""286"",""0"","""""
"1743,""943"",""1.8483563096501"",""286"",""1"","""""
"156,""2671"",""0.058405091725945"",""286"",""0"","""""
"689,""2671"",""0.25795582178959"",""286"",""0"","""""
"890,""2514"",""0.35401750198886"",""286"",""0"","""""
"1567,""943"",""1.661717921527"",""286"",""1"","""""
"853,""2671"",""0.31935604642456"",""286"",""0"","""""
"610,""2671"",""0.22837888431299"",""286"",""0"","""""
"910,""2514"",""0.36197295147176"",""286"",""0"","""""
"1253,""943"",""1.3287380699894"",""286"",""1"","""""
"678,""2671"",""0.25383751403969"",""286"",""0"","""""
"236,""2671"",""0.088356420816174"",""286"",""0"","""""
"897,""2514"",""0.35680190930788"",""286"",""0"","""""
"1292,""943"",""1.3700954400848"",""286"",""1"","""""
"240,""2671"",""0.089853987270685"",""286"",""0"","""""
"835,""2671"",""0.31261699737926"",""286"",""0"","""""
"927,""2514"",""0.36873508353222"",""286"",""0"","""""
"1407,""943"",""1.492046659597"",""286"",""1"","""""
"143,""2671"",""0.053538000748783"",""286"",""0"","""""
"286,""2671"",""0.10707600149757"",""286"",""0"","""""
"1542,""2514"",""0.61336515513126"",""286"",""0"","""""
"1739,""943"",""1.8441145281018"",""286"",""1"","""""
"286,""2671"",""0.10707600149757"",""286"",""0"","""""
"357,""2671"",""0.13365780606514"",""286"",""0"","""""
"921,""2514"",""0.36634844868735"",""286"",""0"","""""
"1204,""943"",""1.2767762460233"",""286"",""1"","""""
"542,""2671"",""0.2029202545863"",""286"",""0"","""""
"862,""2671"",""0.32272557094721"",""286"",""0"","""""
"1370,""2514"",""0.54494828957836"",""286"",""0"","""""
"1310,""943"",""1.389183457052"",""286"",""1"","""""
"432,""2671"",""0.16173717708723"",""286"",""0"","""""
"651,""2671"",""0.24372894047173"",""286"",""0"","""""
"872,""2514"",""0.34685759745426"",""286"",""0"","""""
"1762,""943"",""1.8685047720042"",""286"",""1"","""""
"243,""2671"",""0.090977162111569"",""286"",""0"","""""
"745,""2671"",""0.27892175215275"",""286"",""0"","""""
"932,""2514"",""0.37072394590294"",""286"",""0"","""""
"1732,""943"",""1.8366914103924"",""286"",""1"","""""
"237,""2671"",""0.088730812429802"",""286"",""0"","""""
"832,""2671"",""0.31149382253838"",""286"",""0"","""""
"1724,""2514"",""0.68575974542562"",""286"",""0"","""""
"1830,""943"",""1.9406150583245"",""286"",""1"","""""
"257,""2671"",""0.096218644702359"",""286"",""0"","""""
"467,""2671"",""0.17484088356421"",""286"",""0"","""""
"2798,""2514"",""1.1129673826571"",""286"",""1"","""""
"1742,""943"",""1.847295864263"",""286"",""1"","""""
"136,""2671"",""0.050917259453388"",""286"",""0"","""""
"783,""2671"",""0.29314863347061"",""286"",""0"","""""
"2772,""2514"",""1.1026252983294"",""286"",""1"","""""
"1523,""943"",""1.6150583244963"",""286"",""1"","""""
"136,""2671"",""0.050917259453388"",""286"",""0"","""""
"643,""2671"",""0.24073380756271"",""286"",""0"","""""
"1720,""2514"",""0.68416865552904"",""286"",""0"","""""
"1743,""943"",""1.8483563096501"",""286"",""1"","""""
"679,""2671"",""0.25421190565331"",""286"",""0"","""""
"596,""2671"",""0.2231374017222"",""286"",""0"","""""
"1468,""2514"",""0.58392999204455"",""286"",""0"","""""
"1174,""943"",""1.2449628844115"",""286"",""1"","""""
"237,""2671"",""0.088730812429802"",""286"",""0"","""""
"554,""2671"",""0.20741295394983"",""286"",""0"","""""
"937,""2514"",""0.37271280827367"",""286"",""0"","""""
"1170,""943"",""1.2407211028632"",""286"",""1"","""""
"183,""2671"",""0.068513665293897"",""286"",""0"","""""
"432,""2671"",""0.16173717708723"",""286"",""0"","""""
"988,""2514"",""0.39299920445505"",""286"",""0"","""""
"1845,""943"",""1.9565217391304"",""286"",""1"","""""
"367,""2671"",""0.13740172220142"",""286"",""0"","""""
"884,""2671"",""0.33096218644702"",""286"",""0"","""""
"987,""2514"",""0.39260143198091"",""286"",""0"","""""
"1470,""943"",""1.558854718982"",""286"",""1"","""""
"214,""2671"",""0.080119805316361"",""286"",""0"","""""
"765,""2671"",""0.28640958442531"",""286"",""0"","""""
"895,""2514"",""0.35600636435959"",""286"",""0"","""""
"1265,""943"",""1.3414634146341"",""286"",""1"","""""
"358,""2671"",""0.13403219767877"",""286"",""0"","""""
"754,""2671"",""0.2822912766754"",""286"",""0"","""""
"987,""2514"",""0.39260143198091"",""286"",""0"","""""
"1621,""943"",""1.7189819724284"",""286"",""1"","""""
"346,""2671"",""0.12935230250842"",""286"",""0"","""""
"583,""2671"",""0.21827031074504"",""286"",""0"","""""
"989,""2514"",""0.3933969769292"",""286"",""0"","""""
"1502,""943"",""1.592788971368"",""286"",""1"","""""
"212,""2671"",""0.079371022089105"",""286"",""0"","""""
"382,""2671"",""0.14301759640584"",""286"",""0"","""""
"793,""2514"",""0.31543357199682"",""286"",""0"","""""
"1042,""943"",""1.1049840933192"",""286"",""1"","""""
"124,""2671"",""0.046424560089854"",""286"",""0"","""""
"764,""2671"",""0.28603519281168"",""286"",""0"","""""
"884,""2514"",""0.35163086714399"",""286"",""0"","""""
"1360,""943"",""1.4422057264051"",""286"",""1"","""""
"258,""2671"",""0.096593036315987"",""286"",""0"","""""
"620,""2671"",""0.23204792212654"",""286"",""0"","""""
"852,""2514"",""0.33890214797136"",""286"",""0"","""""
"1062,""943"",""1.1261930010604"",""286"",""1"","""""
"323,""2671"",""0.1209284912018"",""286"",""0"","""""
"756,""2671"",""0.28304005990266"",""286"",""0"","""""
"1357,""2514"",""0.53977724741448"",""286"",""0"","""""
"1468,""943"",""1.5567338282078"",""286"",""1"","""""
"598,""2671"",""0.22388618494946"",""286"",""0"","""""
"789,""2671"",""0.29524522650693"",""286"",""0"","""""
"2770,""2514"",""1.1018297533811"",""286"",""1"","""""
"1421,""943"",""1.5068928950159"",""286"",""1"","""""
"678,""2671"",""0.25383751403969"",""286"",""0"","""""
"890,""2671"",""0.33320853612879"",""286"",""0"","""""
"1782,""2514"",""0.70883054892601"",""286"",""0"","""""
"1436,""943"",""1.5227995758218"",""286"",""1"","""""
"598,""2671"",""0.22388618494946"",""286"",""0"","""""
"792,""2671"",""0.29651815799326"",""286"",""0"","""""
"1799,""2514"",""0.71559268098648"",""286"",""0"","""""
"2314,""943"",""2.4538706256628"",""286"",""1"","""""
"692,""2671"",""0.25907899663048"",""286"",""0"","""""
"768,""2671"",""0.28753275926619"",""286"",""0"","""""
"1063,""2514"",""0.4227923627685"",""286"",""0"","""""
"1084,""943"",""1.1495227995758"",""286"",""1"","""""
"560,""2671"",""0.2096593036316"",""286"",""0"","""""
"785,""2671"",""0.29389741669787"",""286"",""0"","""""
"1602,""2514"",""0.63723150357995"",""286"",""0"","""""
"1411,""943"",""1.4962884411453"",""286"",""1"","""""
"432,""2671"",""0.16173717708723"",""286"",""0"","""""
"875,""2671"",""0.32759266192437"",""286"",""0"","""""
"975,""2514"",""0.38782816229117"",""286"",""0"","""""
"1700,""943"",""1.8027571580064"",""286"",""1"","""""
"348,""2671"",""0.13028828154249"",""286"",""0"","""""
"249,""2671"",""0.093223511793336"",""286"",""0"","""""
"1732,""2514"",""0.68894192521877"",""286"",""0"","""""
"2678,""943"",""2.8398727465536"",""286"",""1"","""""
"254,""2671"",""0.095095469861475"",""286"",""0"","""""
"434,""2671"",""0.16248596031449"",""286"",""0"","""""
"987,""2514"",""0.39260143198091"",""286"",""0"","""""
"2086,""943"",""2.2120890774125"",""286"",""1"","""""
"423,""2671"",""0.15836765256458"",""286"",""0"","""""
"803,""2671"",""0.30063646574317"",""286"",""0"","""""
"988,""2514"",""0.39299920445505"",""286"",""0"","""""
"1988,""943"",""2.1076433160751"",""286"",""1"","""""
"313,""2671"",""0.11718457506552"",""286"",""0"","""""
"875,""2671"",""0.32759266192437"",""286"",""0"","""""
"2031,""2514"",""0.80787589498807"",""286"",""1"","""""
"2246,""943"",""2.3821539517185"",""286"",""1"","""""
"253,""2671"",""0.094721078247847"",""286"",""0"","""""
"369,""2671"",""0.13815050542868"",""286"",""0"","""""
"954,""2514"",""0.37947494033413"",""286"",""0"","""""
"1620,""943"",""1.7179215270414"",""286"",""1"","""""
"534,""2671"",""0.19992512167727"",""286"",""0"","""""
"831,""2671"",""0.31111943092475"",""286"",""0"","""""
"2061,""2514"",""0.81980906921241"",""286"",""1"","""""
"1435,""943"",""1.5217391304348"",""286"",""1"","""""
"219,""2671"",""0.0819917633845"",""286"",""0"","""""
"547,""2671"",""0.20479221265444"",""286"",""0"","""""
"905,""2514"",""0.35998408910103"",""286"",""0"","""""
"1420,""943"",""1.5058324496288"",""286"",""1"","""""
"359,""2671"",""0.1344065892924"",""286"",""0"","""""
"480,""2671"",""0.17970797454137"",""286"",""0"","""""
"826,""2514"",""0.3285600636436"",""286"",""0"","""""
"1679,""943"",""1.780487804878"",""286"",""1"","""""
"389,""2671"",""0.14563833770124"",""286"",""0"","""""
"782,""2671"",""0.29277424185698"",""286"",""0"","""""
"2134,""2514"",""0.84884645982498"",""286"",""1"","""""
"1987,""943"",""2.1071049840933"",""286"",""1"","""""
"545,""2671"",""0.20404342942718"",""286"",""0"","""""
"763,""2671"",""0.28566080119805"",""286"",""0"","""""
"2785,""2514"",""1.1077963404932"",""286"",""1"","""""
"2120,""943"",""2.2481442205726"",""286"",""1"","""""
"578,""2671"",""0.2163983526769"",""286"",""0"","""""
"1026,""2671"",""0.38412579558218"",""286"",""0"","""""
"984,""2514"",""0.39140811455847"",""286"",""0"","""""
"1790,""943"",""1.898197242842"",""286"",""1"","""""
"479,""2671"",""0.17933358292774"",""286"",""0"","""""
"601,""2671"",""0.22500935979034"",""286"",""0"","""""
"1848,""2514"",""0.73508353221957"",""286"",""0"","""""
"1793,""943"",""1.9013785790032"",""286"",""1"","""""
"598,""2671"",""0.22388618494946"",""286"",""0"","""""
"783,""2671"",""0.29314863347061"",""286"",""0"","""""
"1360,""2514"",""0.54097056483691"",""286"",""0"","""""
"1730,""943"",""1.8345705196182"",""286"",""1"","""""
"611,""2671"",""0.22875327592662"",""286"",""0"","""""
"766,""2671"",""0.28678397603894"",""286"",""0"","""""
"2775,""2514"",""1.1038186157518"",""286"",""1"","""""
"1557,""943"",""1.6511134676564"",""286"",""1"","""""
"123,""2671"",""0.046050168476226"",""286"",""0"","""""
"345,""2671"",""0.12916510670161"",""286"",""0"","""""
"976,""2514"",""0.38822593476531"",""286"",""0"","""""
"1235,""943"",""1.3096500530223"",""286"",""1"","""""
"326,""2671"",""0.12205166604268"",""286"",""0"","""""
"745,""2671"",""0.27892175215275"",""286"",""0"","""""
"907,""2514"",""0.36077963404932"",""286"",""0"","""""
"1260,""943"",""1.3361611876988"",""286"",""1"","""""
"452,""2671"",""0.16922500935979"",""286"",""0"","""""
"752,""2671"",""0.28154249344815"",""286"",""0"","""""
"1986,""2514"",""0.78997613365155"",""286"",""1"","""""
"1528,""943"",""1.6203605514316"",""286"",""1"","""""
"567,""2671"",""0.21228004492699"",""286"",""0"","""""
"643,""2671"",""0.24073380756271"",""286"",""0"","""""
"907,""2514"",""0.36077963404932"",""286"",""0"","""""
"1926,""943"",""2.0424178154825"",""286"",""1"","""""
"567,""2671"",""0.21228004492699"",""286"",""0"","""""
"687,""2671"",""0.25720703856234"",""286"",""0"","""""
"1732,""2514"",""0.68894192521877"",""286"",""0"","""""
"2698,""943"",""2.8610816542948"",""286"",""1"","""""
"123,""2671"",""0.046050168476226"",""286"",""0"","""""
"395,""2671"",""0.147884687383"",""286"",""0"","""""
"970,""2514"",""0.38583929992045"",""286"",""0"","""""
"1235,""943"",""1.3096500530223"",""286"",""1"","""""
"296,""2671"",""0.11081991763385"",""286"",""0"","""""
"467,""2671"",""0.17484088356421"",""286"",""0"","""""
"927,""2514"",""0.36873508353222"",""286"",""0"","""""
"1567,""943"",""1.661717921527"",""286"",""1"","""""
"258,""2671"",""0.096593036315987"",""286"",""0"","""""
"572,""2671"",""0.21415200299513"",""286"",""0"","""""
"852,""2514"",""0.33890214797136"",""286"",""0"","""""
"1320,""943"",""1.3997879109226"",""286"",""1"","""""
"143,""2671"",""0.053538000748783"",""286"",""0"","""""
"754,""2671"",""0.2822912766754"",""286"",""0"","""""
"1389,""2514"",""0.55250596658711"",""286"",""0"","""""
"1736,""943"",""1.8409331919406"",""286"",""1"","""""
"278,""2671"",""0.10408086858854"",""286"",""0"","""""
"886,""2671"",""0.33171096967428"",""286"",""0"","""""
"975,""2514"",""0.38782816229117"",""286"",""0"","""""
"1830,""943"",""1.9406150583245"",""286"",""1"","""""
"235,""2671"",""0.087982029202546"",""286"",""0"","""""
"854,""2671"",""0.31973043803819"",""286"",""0"","""""
"1653,""2514"",""0.65751789976134"",""286"",""0"","""""
"1539,""943"",""1.6320254506893"",""286"",""1"","""""
"633,""2671"",""0.23698989142643"",""286"",""0"","""""
"973,""2671"",""0.3642830400599"",""286"",""0"","""""
"2801,""2514"",""1.1141607000796"",""286"",""1"","""""
"1290,""943"",""1.3679745493107"",""286"",""1"","""""
"754,""2671"",""0.2822912766754"",""286"",""0"","""""
"826,""2671"",""0.30924747285661"",""286"",""0"","""""
"2830,""2514"",""1.1256961018298"",""286"",""1"","""""
"1992,""943"",""2.1124072110286"",""286"",""1"","""""
"362,""2671"",""0.13552976413328"",""286"",""0"","""""
"642,""2671"",""0.24035941594908"",""286"",""0"","""""
"899,""2514"",""0.35759745425617"",""286"",""0"","""""
"1743,""943"",""1.8483563096501"",""286"",""1"","""""
"611,""2671"",""0.22875327592662"",""286"",""0"","""""
"207,""2671"",""0.077499064020966"",""286"",""0"","""""
"964,""2514"",""0.38345266507558"",""286"",""0"","""""
"1411,""943"",""1.4962884411453"",""286"",""1"","""""
"568,""2671"",""0.21265443654062"",""286"",""0"","""""
"785,""2671"",""0.29389741669787"",""286"",""0"","""""
"1685,""2514"",""0.67024661893397"",""286"",""0"","""""
"1484,""943"",""1.5737009544008"",""286"",""1"","""""
"216,""2671"",""0.080868588543617"",""286"",""0"","""""
"568,""2671"",""0.21265443654062"",""286"",""0"","""""
"987,""2514"",""0.39260143198091"",""286"",""0"","""""
"1293,""943"",""1.3711558854719"",""286"",""1"","""""
"129,""2671"",""0.048296518157993"",""286"",""0"","""""
"487,""2671"",""0.18232871583677"",""286"",""0"","""""
"972,""2514"",""0.38663484486874"",""286"",""0"","""""
"1367,""943"",""1.4496288441145"",""286"",""1"","""""
"281,""2671"",""0.10520404342943"",""286"",""0"","""""
"638,""2671"",""0.23886184949457"",""286"",""0"","""""
"984,""2514"",""0.39140811455847"",""286"",""0"","""""
"2015,""943"",""2.1367974549311"",""286"",""1"","""""
"271,""2671"",""0.10146012729315"",""286"",""0"","""""
"734,""2671"",""0.27480344440285"",""286"",""0"","""""
"988,""2514"",""0.39299920445505"",""286"",""0"","""""
"1680,""943"",""1.7815482502651"",""286"",""1"","""""
"382,""2671"",""0.14301759640584"",""286"",""0"","""""
"864,""2671"",""0.32347435417447"",""286"",""0"","""""
"1285,""2514"",""0.51113762927605"",""286"",""0"","""""
"1752,""943"",""1.8579003181336"",""286"",""1"","""""
"211,""2671"",""0.078996630475477"",""286"",""0"","""""
"653,""2671"",""0.24447772369899"",""286"",""0"","""""
"927,""2514"",""0.36873508353222"",""286"",""0"","""""
"1482,""943"",""1.5715800636267"",""286"",""1"","""""
"175,""2671"",""0.065518532384875"",""286"",""0"","""""
"659,""2671"",""0.24672407338076"",""286"",""0"","""""
"938,""2514"",""0.37311058074781"",""286"",""0"","""""
"2041,""943"",""2.1643690349947"",""286"",""1"","""""
"257,""2671"",""0.096218644702359"",""286"",""0"","""""
"570,""2671"",""0.21340321976788"",""286"",""0"","""""
"966,""2514"",""0.38424821002387"",""286"",""0"","""""
"1537,""943"",""1.6299045599152"",""286"",""1"","""""
"326,""2671"",""0.12205166604268"",""286"",""0"","""""
"740,""2671"",""0.27704979408461"",""286"",""0"","""""
"1247,""2514"",""0.49602227525855"",""286"",""0"","""""
"1789,""943"",""1.8971367974549"",""286"",""1"","""""
"415,""2671"",""0.15537251965556"",""286"",""0"","""""
"561,""2671"",""0.21003369524523"",""286"",""0"","""""
"1452,""2514"",""0.57756563245823"",""286"",""0"","""""
"1891,""943"",""2.0053022269353"",""286"",""1"","""""
"359,""2671"",""0.1344065892924"",""286"",""0"","""""
"762,""2671"",""0.28528640958443"",""286"",""0"","""""
"2794,""2514"",""1.1113762927605"",""286"",""1"","""""
"2071,""943"",""2.1961823966066"",""286"",""1"","""""
"356,""2671"",""0.13328341445152"",""286"",""0"","""""
"678,""2671"",""0.25383751403969"",""286"",""0"","""""
"1763,""2514"",""0.70127287191726"",""286"",""0"","""""
"1825,""943"",""1.9353128313892"",""286"",""1"","""""
"569,""2671"",""0.21302882815425"",""286"",""0"","""""
"789,""2671"",""0.29539498315238"",""286"",""0"","""""
"1450,""2514"",""0.57677008750994"",""286"",""0"","""""
"1275,""943"",""1.3520678685048"",""286"",""1"","""""
"532,""2671"",""0.19917633845002"",""286"",""0"","""""
"673,""2671"",""0.25196555597155"",""286"",""0"","""""
"924,""2514"",""0.36754176610979"",""286"",""0"","""""
"1411,""943"",""1.4962884411453"",""286"",""1"","""""
"189,""2671"",""0.070760014975665"",""286"",""0"","""""
"367,""2671"",""0.13740172220142"",""286"",""0"","""""
"958,""2514"",""0.38106603023071"",""286"",""0"","""""
"1650,""943"",""1.7497348886532"",""286"",""1"","""""
"329,""2671"",""0.12317484088356"",""286"",""0"","""""
"452,""2671"",""0.16922500935979"",""286"",""0"","""""
"1337,""2514"",""0.53182179793158"",""286"",""0"","""""
"1378,""943"",""1.4612937433722"",""286"",""1"","""""
"278,""2671"",""0.10408086858854"",""286"",""0"","""""
"356,""2671"",""0.13328341445152"",""286"",""0"","""""
"956,""2514"",""0.38027048528242"",""286"",""0"","""""
"2102,""943"",""2.2290562036055"",""286"",""1"","""""
"299,""2671"",""0.11194309247473"",""286"",""0"","""""
"547,""2671"",""0.20479221265444"",""286"",""0"","""""
"978,""2514"",""0.3890214797136"",""286"",""0"","""""
"1672,""943"",""1.7730646871686"",""286"",""1"","""""
"460,""2671"",""0.17222014226881"",""286"",""0"","""""
"762,""2671"",""0.28528640958443"",""286"",""0"","""""
"984,""2514"",""0.39140811455847"",""286"",""0"","""""
"1558,""943"",""1.6521739130435"",""286"",""1"","""""
"223,""2671"",""0.083489329839012"",""286"",""0"","""""
"503,""2671"",""0.18831898165481"",""286"",""0"","""""
"938,""2514"",""0.37311058074781"",""286"",""0"","""""
"1356,""943"",""1.4379639448568"",""286"",""1"","""""
"211,""2671"",""0.078996630475477"",""286"",""0"","""""
"581,""2671"",""0.21752152751778"",""286"",""0"","""""
"1378,""2514"",""0.54813046937152"",""286"",""0"","""""
"1892,""943"",""2.0063626723224"",""286"",""1"","""""
"313,""2671"",""0.11718457506552"",""286"",""0"","""""
"492,""2671"",""0.1842006739049"",""286"",""0"","""""
"984,""2514"",""0.39140811455847"",""286"",""0"","""""
"1370,""943"",""1.4528101802757"",""286"",""1"","""""
"287,""2671"",""0.10745039311119"",""286"",""0"","""""
"451,""2671"",""0.16885061774616"",""286"",""0"","""""
"972,""2514"",""0.38663484486874"",""286"",""0"","""""
"1765,""943"",""1.8716861081654"",""286"",""1"","""""
"478,""2671"",""0.17895919131411"",""286"",""0"","""""
"619,""2671"",""0.23174840883564"",""286"",""0"","""""
"856,""2514"",""0.34049323786794"",""286"",""0"","""""
"1793,""943"",""1.9013785790032"",""286"",""1"","""""
"431,""2671"",""0.16136278547361"",""286"",""0"","""""
"652,""2671"",""0.24410333208536"",""286"",""0"","""""
"2820,""2514"",""1.1217183770883"",""286"",""1"","""""
"1982,""943"",""2.101802757158"",""286"",""1"","""""
"580,""2671"",""0.21714713590416"",""286"",""0"","""""
"560,""2671"",""0.2096593036316"",""286"",""0"","""""
"897,""2514"",""0.35680190930788"",""286"",""0"","""""
"1792,""943"",""1.9003181336161"",""286"",""1"","""""
"532,""2671"",""0.19917633845002"",""286"",""0"","""""
"764,""2671"",""0.28603519281168"",""286"",""0"","""""
"1724,""2514"",""0.68575974542562"",""286"",""0"","""""
"1983,""943"",""2.1028632025451"",""286"",""1"","""""
"564,""2671"",""0.21115687008611"",""286"",""0"","""""
"753,""2671"",""0.28191688506177"",""286"",""0"","""""
"1246,""2514"",""0.49562450278441"",""286"",""0"","""""
"1793,""943"",""1.9013785790032"",""286"",""1"","""""
"982,""2617"",""0.37523882307986"",""286"",""0"","""""
"830,""2671"",""0.31074503931112"",""286"",""0"","""""
"1732,""2514"",""0.68894192521877"",""286"",""0"","""""
"1740,""943"",""1.8451749734889"",""286"",""1"","""""
"723,""2671"",""0.27068513665294"",""286"",""0"","""""
"664,""2671"",""0.2485960314489"",""286"",""0"","""""
"1793,""2514"",""0.71320604614161"",""286"",""0"","""""
"1651,""943"",""1.7507953340403"",""286"",""1"","""""
"937,""2671"",""0.3508049419693"",""286"",""0"","""""
"589,""2671"",""0.22051666042681"",""286"",""0"","""""
"1987,""2514"",""0.7903739061257"",""286"",""1"","""""
"1849,""943"",""1.9607635206787"",""286"",""1"","""""
"621,""2671"",""0.2324971920629"",""286"",""0"","""""
"521,""2671"",""0.19505803070011"",""286"",""0"","""""
"1952,""2514"",""0.77645186953063"",""286"",""1"","""""
"1620,""943"",""1.7179215270414"",""286"",""1"","""""
"439,""2671"",""0.16435791838263"",""286"",""0"","""""
"402,""2671"",""0.1505054286784"",""286"",""0"","""""
"735,""2514"",""0.29236276849642"",""286"",""0"","""""
"1290,""943"",""1.3679745493107"",""286"",""1"","""""
"972,""2671"",""0.36390864844627"",""286"",""0"","""""
"850,""2671"",""0.31823287158368"",""286"",""0"","""""
"1064,""2514"",""0.42322991249006"",""286"",""0"","""""
"1731,""943"",""1.8356309650053"",""286"",""1"","""""
"875,""2671"",""0.32759266192437"",""286"",""0"","""""
"830,""2671"",""0.31074503931112"",""286"",""0"","""""
"1130,""2514"",""0.44948289578361"",""286"",""0"","""""
"1382,""943"",""1.4655355249205"",""286"",""1"","""""
"652,""2671"",""0.24410333208536"",""286"",""0"","""""
"671,""2671"",""0.25121677274429"",""286"",""0"","""""
"773,""2514"",""0.30747812251392"",""286"",""0"","""""
"1109,""943"",""1.1760339342524"",""286"",""1"","""""
"610,""2671"",""0.22837888431299"",""286"",""0"","""""
"419,""2671"",""0.15687008611007"",""286"",""0"","""""
"957,""2514"",""0.38066825775656"",""286"",""0"","""""
"1301,""943"",""1.3796394485684"",""286"",""1"","""""
"579,""2671"",""0.21677274429053"",""286"",""0"","""""
"318,""2671"",""0.11905653313366"",""286"",""0"","""""
"756,""2514"",""0.30071599045346"",""286"",""0"","""""
"1306,""943"",""1.3849416755037"",""286"",""1"","""""
"673,""2671"",""0.25196555597155"",""286"",""0"","""""
"579,""2671"",""0.21677274429053"",""286"",""0"","""""
"1430,""2514"",""0.56881463802705"",""286"",""0"","""""
"1538,""943"",""1.6309650053022"",""286"",""1"","""""
"738,""2671"",""0.27630101085736"",""286"",""0"","""""
"852,""2671"",""0.31898165481093"",""286"",""0"","""""
"1402,""2514"",""0.55767700875099"",""286"",""0"","""""
"1759,""943"",""1.8653234358431"",""286"",""1"","""""
"728,""2671"",""0.27255709472108"",""286"",""0"","""""
"582,""2671"",""0.21789591913141"",""286"",""0"","""""
"984,""2514"",""0.39140811455847"",""286"",""0"","""""
"1290,""943"",""1.3679745493107"",""286"",""1"","""""
"683,""2671"",""0.25570947210782"",""286"",""0"","""""
"202,""2671"",""0.075627105952827"",""286"",""0"","""""
"1020,""2514"",""0.40572792362768"",""286"",""0"","""""
"1431,""943"",""1.5174973488865"",""286"",""1"","""""
"639,""2671"",""0.2392362411082"",""286"",""0"","""""
"398,""2671"",""0.14900786222389"",""286"",""0"","""""
"924,""2514"",""0.36754176610979"",""286"",""0"","""""
"1672,""943"",""1.7730646871686"",""286"",""1"","""""
"896,""2617"",""0.34237676729079"",""286"",""0"","""""
"785,""2671"",""0.29389741669787"",""286"",""0"","""""
"1793,""2514"",""0.71320604614161"",""286"",""0"","""""
"1629,""943"",""1.7274655355249"",""286"",""1"","""""
"832,""2671"",""0.31149382253838"",""286"",""0"","""""
"629,""2671"",""0.23549232497192"",""286"",""0"","""""
"1893,""2514"",""0.75298329355609"",""286"",""1"","""""
"1032,""943"",""1.0943796394486"",""286"",""1"","""""
"847,""2671"",""0.31710969674279"",""286"",""0"","""""
"741,""2671"",""0.27742418569824"",""286"",""0"","""""
"1783,""2514"",""0.70922832140016"",""286"",""0"","""""
"1537,""943"",""1.6299045599152"",""286"",""1"","""""
"562,""2671"",""0.21040808685885"",""286"",""0"","""""
"469,""2671"",""0.17558966679146"",""286"",""0"","""""
"743,""2514"",""0.29554494828958"",""286"",""0"","""""
"1202,""943"",""1.2746553552492"",""286"",""1"","""""
"782,""2671"",""0.29277424185698"",""286"",""0"","""""
"592,""2671"",""0.22163983526769"",""286"",""0"","""""
"947,""2514"",""0.37669053301512"",""286"",""0"","""""
"1328,""943"",""1.4082714740191"",""286"",""1"","""""
"600,""2671"",""0.22463496817671"",""286"",""0"","""""
"593,""2671"",""0.22201422688132"",""286"",""0"","""""
"1005,""2514"",""0.39976133651551"",""286"",""0"","""""
"1114,""943"",""1.1813361611877"",""286"",""1"","""""
"783,""2671"",""0.29314863347061"",""286"",""0"","""""
"842,""2671"",""0.31523773867465"",""286"",""0"","""""
"985,""2514"",""0.39180588703262"",""286"",""0"","""""
"1133,""943"",""1.2014846235419"",""286"",""1"","""""
"421,""2671"",""0.15761886933733"",""286"",""0"","""""
"502,""2671"",""0.18794459004118"",""286"",""0"","""""
"983,""2514"",""0.39101034208433"",""286"",""0"","""""
"1130,""943"",""1.1983032873807"",""286"",""1"","""""
"462,""2671"",""0.17296892549607"",""286"",""0"","""""
"507,""2671"",""0.18981654810932"",""286"",""0"","""""
"928,""2514"",""0.36913285600636"",""286"",""0"","""""
"1304,""943"",""1.3828207847296"",""286"",""1"","""""
"274,""2671"",""0.10258330213403"",""286"",""0"","""""
"297,""2671"",""0.11119430924747"",""286"",""0"","""""
"683,""2514"",""0.27167859984089"",""286"",""0"","""""
"1001,""943"",""1.0615058324496"",""286"",""1"","""""
"542,""2671"",""0.2029202545863"",""286"",""0"","""""
"243,""2671"",""0.090977162111569"",""286"",""0"","""""
"915,""2514"",""0.36396181384248"",""286"",""0"","""""
"1392,""943"",""1.4761399787911"",""286"",""1"","""""
"738,""2671"",""0.27630101085736"",""286"",""0"","""""
"679,""2671"",""0.25421190565331"",""286"",""0"","""""
"1140,""2514"",""0.45346062052506"",""286"",""0"","""""
"1279,""943"",""1.356309650053"",""286"",""1"","""""
"645,""2671"",""0.24148259078997"",""286"",""0"","""""
"691,""2671"",""0.25870460501685"",""286"",""0"","""""
"1420,""2514"",""0.5648369132856"",""286"",""0"","""""
"1497,""943"",""1.5874867444327"",""286"",""1"","""""
"492,""2671"",""0.1842006739049"",""286"",""0"","""""
"682,""2671"",""0.2553350804942"",""286"",""0"","""""
"1041,""2514"",""0.41408114558473"",""286"",""0"","""""
"1490,""943"",""1.5800636267232"",""286"",""1"","""""
"372,""2671"",""0.13927368026956"",""286"",""0"","""""
"511,""2671"",""0.19131411456383"",""286"",""0"","""""
"743,""2514"",""0.29554494828958"",""286"",""0"","""""
"1200,""943"",""1.2725344644751"",""286"",""1"","""""
"340,""2671"",""0.12729314863347"",""286"",""0"","""""
"398,""2671"",""0.14900786222389"",""286"",""0"","""""
"682,""2514"",""0.27128082736675"",""286"",""0"","""""
"1020,""943"",""1.0816542948038"",""286"",""1"","""""
"782,""2671"",""0.29277424185698"",""286"",""0"","""""
"792,""2671"",""0.29651815799326"",""286"",""0"","""""
"1136,""2514"",""0.45186953062848"",""286"",""0"","""""
"1524,""943"",""1.6161187698834"",""286"",""1"","""""
"572,""2671"",""0.21415200299513"",""286"",""0"","""""
"469,""2671"",""0.17558966679146"",""286"",""0"","""""
"984,""2514"",""0.39140811455847"",""286"",""0"","""""
"1372,""943"",""1.4549310710498"",""286"",""1"","""""
"692,""2671"",""0.25907899663048"",""286"",""0"","""""
"563,""2671"",""0.21078247847248"",""286"",""0"","""""
"1036,""2514"",""0.412092283214"",""286"",""0"","""""
"1253,""943"",""1.3287380699894"",""286"",""1"","""""
"678,""2671"",""0.25383751403969"",""286"",""0"","""""
"539,""2671"",""0.20179707974541"",""286"",""0"","""""
"846,""2514"",""0.33651551312649"",""286"",""0"","""""
"1400,""943"",""1.4846235418876"",""286"",""1"","""""
"399,""2671"",""0.14938225383751"",""286"",""0"","""""
"582,""2671"",""0.21789591913141"",""286"",""0"","""""
"927,""2514"",""0.36873508353222"",""286"",""0"","""""
"1201,""943"",""1.2735949098621"",""286"",""1"","""""
"683,""2671"",""0.25570947210782"",""286"",""0"","""""
"782,""2671"",""0.29277424185698"",""286"",""0"","""""
"1360,""2514"",""0.54097056483691"",""286"",""0"","""""
"1583,""943"",""1.67868504772"",""286"",""1"","""""
"592,""2671"",""0.22163983526769"",""286"",""0"","""""
"633,""2671"",""0.23698989142643"",""286"",""0"","""""
"1032,""2514"",""0.41050119331742"",""286"",""0"","""""
"1492,""943"",""1.5821845174973"",""286"",""1"","""""
"542,""2671"",""0.2029202545863"",""286"",""0"","""""
"672,""2671"",""0.25159116435792"",""286"",""0"","""""
"983,""2514"",""0.39101034208433"",""286"",""0"","""""
"1209,""943"",""1.2820784729586"",""286"",""1"","""""
"219,""2671"",""0.0819917633845"",""286"",""0"","""""
"362,""2671"",""0.13552976413328"",""286"",""0"","""""
"518,""2514"",""0.206046141607"",""286"",""0"","""""
"1388,""943"",""1.4718981972428"",""286"",""1"","""""
"364,""2671"",""0.13627854736054"",""286"",""0"","""""
"485,""2671"",""0.18157993260951"",""286"",""0"","""""
"793,""2514"",""0.31543357199682"",""286"",""0"","""""
"1524,""943"",""1.6161187698834"",""286"",""1"","""""
"674,""2671"",""0.25233994758517"",""286"",""0"","""""
"739,""2671"",""0.27667540247098"",""286"",""0"","""""
"1203,""2514"",""0.47852028639618"",""286"",""0"","""""
"1652,""943"",""1.7518557794274"",""286"",""1"","""""
"439,""2671"",""0.16435791838263"",""286"",""0"","""""
"562,""2671"",""0.21040808685885"",""286"",""0"","""""
"2798,""2514"",""1.1129673826571"",""286"",""1"","""""
"1846,""943"",""1.9575821845175"",""286"",""1"","""""
"743,""2671"",""0.2781729689255"",""286"",""0"","""""
"884,""2671"",""0.33096218644702"",""286"",""0"","""""
"2031,""2514"",""0.80787589498807"",""286"",""1"","""""
"1742,""943"",""1.847295864263"",""286"",""1"","""""
"532,""2671"",""0.19917633845002"",""286"",""0"","""""
"642,""2671"",""0.24035941594908"",""286"",""0"","""""
"1893,""2514"",""0.75298329355609"",""286"",""1"","""""
"1642,""943"",""1.7412513255567"",""286"",""1"","""""
"679,""2671"",""0.25421190565331"",""286"",""0"","""""
"723,""2671"",""0.27068513665294"",""286"",""0"","""""
"1468,""2514"",""0.58392999204455"",""286"",""0"","""""
"1179,""943"",""1.2502651113468"",""286"",""1"","""""
"521,""2671"",""0.19505803070011"",""286"",""0"","""""
"592,""2671"",""0.22163983526769"",""286"",""0"","""""
"937,""2514"",""0.37271280827367"",""286"",""0"","""""
"1362,""943"",""1.4443266171792"",""286"",""1"","""""
"183,""2671"",""0.068513665293897"",""286"",""0"","""""
"328,""2671"",""0.12280044926994"",""286"",""0"","""""
"988,""2514"",""0.39299920445505"",""286"",""0"","""""
"1520,""943"",""1.6118769883351"",""286"",""1"","""""
"320,""2671"",""0.11980531636091"",""286"",""0"","""""
"582,""2671"",""0.21789591913141"",""286"",""0"","""""
"832,""2514"",""0.33094669848846"",""286"",""0"","""""
"1362,""943"",""1.4443266171792"",""286"",""1"","""""
"214,""2671"",""0.080119805316361"",""286"",""0"","""""
"459,""2671"",""0.17184575065519"",""286"",""0"","""""
"623,""2514"",""0.2478122513922"",""286"",""0"","""""
"1083,""943"",""1.1484623541888"",""286"",""1"","""""
"597,""2671"",""0.22351179333583"",""286"",""0"","""""
"754,""2671"",""0.2822912766754"",""286"",""0"","""""
"1620,""2514"",""0.64439140811456"",""286"",""0"","""""
"1593,""943"",""1.6892895015907"",""286"",""1"","""""
"438,""2671"",""0.163983526769"",""286"",""0"","""""
"527,""2671"",""0.19730438038188"",""286"",""0"","""""
"989,""2514"",""0.3933969769292"",""286"",""0"","""""
"1382,""943"",""1.4655355249205"",""286"",""1"","""""
"382,""2671"",""0.14301759640584"",""286"",""0"","""""
"298,""2671"",""0.1115687008611"",""286"",""0"","""""
"873,""2514"",""0.3472553699284"",""286"",""0"","""""
"1042,""943"",""1.1049840933192"",""286"",""1"","""""
"124,""2671"",""0.046424560089854"",""286"",""0"","""""
"482,""2671"",""0.18045675776863"",""286"",""0"","""""
"733,""2514"",""0.29156722354813"",""286"",""0"","""""
"1294,""943"",""1.372216330859"",""286"",""1"","""""
"589,""2671"",""0.22051666042681"",""286"",""0"","""""
"783,""2671"",""0.29314863347061"",""286"",""0"","""""
"2001,""2514"",""0.79594272076372"",""286"",""1"","""""
"1642,""943"",""1.7412513255567"",""286"",""1"","""""
"327,""2671"",""0.12242605765631"",""286"",""0"","""""
"759,""2671"",""0.28416323474354"",""286"",""0"","""""
"1352,""2514"",""0.53778838504375"",""286"",""0"","""""
"1469,""943"",""1.5577942735949"",""286"",""1"","""""
"483,""2671"",""0.18083114938225"",""286"",""0"","""""
"627,""2671"",""0.23474354174466"",""286"",""0"","""""
"988,""2514"",""0.39299920445505"",""286"",""0"","""""
"1421,""943"",""1.5068928950159"",""286"",""1"","""""
"678,""2671"",""0.25383751403969"",""286"",""0"","""""
"782,""2671"",""0.29277424185698"",""286"",""0"","""""
"1786,""2514"",""0.71042163882259"",""286"",""0"","""""
"1837,""943"",""1.9480381760339"",""286"",""1"","""""
"725,""2671"",""0.27143391988019"",""286"",""0"","""""
"853,""2671"",""0.31935604642456"",""286"",""0"","""""
"1799,""2514"",""0.71559268098648"",""286"",""0"","""""
"1852,""943"",""1.9639448568399"",""286"",""1"","""""
"863,""2671"",""0.32309996256084"",""286"",""0"","""""
"1042,""2671"",""0.39011606140022"",""286"",""0"","""""
"2193,""2514"",""0.87231503579952"",""286"",""1"","""""
"1725,""943"",""1.8292682926829"",""286"",""1"","""""
"658,""2671"",""0.24634968176713"",""286"",""0"","""""
"783,""2671"",""0.29314863347061"",""286"",""0"","""""
"1653,""2514"",""0.65751789976134"",""286"",""0"","""""
"1739,""943"",""1.8441145281018"",""286"",""1"","""""
"458,""2671"",""0.17147135904156"",""286"",""0"","""""
"628,""2671"",""0.23511793335829"",""286"",""0"","""""
"984,""2514"",""0.39140811455847"",""286"",""0"","""""
"1639,""943"",""1.7380699893955"",""286"",""1"","""""
"382,""2671"",""0.14301759640584"",""286"",""0"","""""
"356,""2671"",""0.13328341445152"",""286"",""0"","""""
"894,""2514"",""0.35560859188544"",""286"",""0"","""""
"1732,""943"",""1.8366914103924"",""286"",""1"","""""
"258,""2671"",""0.096593036315987"",""286"",""0"","""""
"439,""2671"",""0.16435791838263"",""286"",""0"","""""
"982,""2514"",""0.39061256961018"",""286"",""0"","""""
"1528,""943"",""1.6203605514316"",""286"",""1"","""""
"267,""2671"",""0.099962560838637"",""286"",""0"","""""
"451,""2671"",""0.16885061774616"",""286"",""0"","""""
"671,""2514"",""0.26690533015115"",""286"",""0"","""""
"1623,""943"",""1.7211028632025"",""286"",""1"","""""
"567,""2671"",""0.21228004492699"",""286"",""0"","""""
"978,""2671"",""0.36615499812804"",""286"",""0"","""""
"1629,""2514"",""0.64797136038186"",""286"",""0"","""""
"1986,""943"",""2.1060445387063"",""286"",""1"","""""
"452,""2671"",""0.16922500935979"",""286"",""0"","""""
"562,""2671"",""0.21040808685885"",""286"",""0"","""""
"1178,""2514"",""0.46857597454256"",""286"",""0"","""""
"1638,""943"",""1.7370095440085"",""286"",""1"","""""
"562,""2671"",""0.21040808685885"",""286"",""0"","""""
"613,""2671"",""0.22950205915387"",""286"",""0"","""""
"1201,""2514"",""0.47772474144789"",""286"",""0"","""""
"1523,""943"",""1.6150583244963"",""286"",""1"","""""
"465,""2671"",""0.17409210033695"",""286"",""0"","""""
"672,""2671"",""0.25159116435792"",""286"",""0"","""""
"1193,""2514"",""0.47454256165473"",""286"",""0"","""""
"1539,""943"",""1.6320254506893"",""286"",""1"","""""
"359,""2671"",""0.1344065892924"",""286"",""0"","""""
"492,""2671"",""0.1842006739049"",""286"",""0"","""""
"820,""2514"",""0.32617342879873"",""286"",""0"","""""
"1247,""943"",""1.322375397667"",""286"",""1"","""""
"372,""2671"",""0.13927368026956"",""286"",""0"","""""
"561,""2671"",""0.21003369524523"",""286"",""0"","""""
"1472,""2514"",""0.58552108194113"",""286"",""0"","""""
"1730,""943"",""1.8345705196182"",""286"",""1"","""""
"432,""2671"",""0.16173717708723"",""286"",""0"","""""
"523,""2671"",""0.19580681392737"",""286"",""0"","""""
"734,""2514"",""0.29196499602228"",""286"",""0"","""""
"1023,""943"",""1.084835630965"",""286"",""1"","""""
"367,""2671"",""0.13740172220142"",""286"",""0"","""""
"491,""2671"",""0.18382628229128"",""286"",""0"","""""
"628,""2514"",""0.24980111376293"",""286"",""0"","""""
"1728,""943"",""1.8324496288441"",""286"",""1"","""""
"569,""2671"",""0.21302882815425"",""286"",""0"","""""
"722,""2671"",""0.27031074503931"",""286"",""0"","""""
"1492,""2514"",""0.59347653142403"",""286"",""0"","""""
"1793,""943"",""1.9013785790032"",""286"",""1"","""""
"593,""2671"",""0.22201422688132"",""286"",""0"","""""
"785,""2671"",""0.29389741669787"",""286"",""0"","""""
"1367,""2514"",""0.54375497215593"",""286"",""0"","""""
"1734,""943"",""1.8388123011665"",""286"",""1"","""""
"672,""2671"",""0.25159116435792"",""286"",""0"","""""
"783,""2671"",""0.29314863347061"",""286"",""0"","""""
"2572,""2514"",""1.0230708035004"",""286"",""1"","""""
"1562,""943"",""1.6564156945917"",""286"",""1"","""""
"258,""2671"",""0.096593036315987"",""286"",""0"","""""
"345,""2671"",""0.12916510670161"",""286"",""0"","""""
"976,""2514"",""0.38822593476531"",""286"",""0"","""""
"1235,""943"",""1.3096500530223"",""286"",""1"","""""
"275,""2671"",""0.10295769374766"",""286"",""0"","""""
"482,""2671"",""0.18045675776863"",""286"",""0"","""""
"671,""2514"",""0.26690533015115"",""286"",""0"","""""
"1032,""943"",""1.0943796394486"",""286"",""1"","""""
"452,""2671"",""0.16922500935979"",""286"",""0"","""""
"752,""2671"",""0.28154249344815"",""286"",""0"","""""
"1986,""2514"",""0.78997613365155"",""286"",""1"","""""
"1528,""943"",""1.6203605514316"",""286"",""1"","""""
"378,""2671"",""0.14152002995133"",""286"",""0"","""""
"271,""2671"",""0.10146012729315"",""286"",""0"","""""
"672,""2514"",""0.2673031026253"",""286"",""0"","""""
"1367,""943"",""1.4496288441145"",""286"",""1"","""""
"672,""2671"",""0.25159116435792"",""286"",""0"","""""
"763,""2671"",""0.28566080119805"",""286"",""0"","""""
"1782,""2514"",""0.70883054892601"",""286"",""0"","""""
"1872,""943"",""1.9851537645811"",""286"",""1"","""""
"432,""2671"",""0.16173717708723"",""286"",""0"","""""
"617,""2671"",""0.23099962560839"",""286"",""0"","""""
"782,""2514"",""0.31105807478123"",""286"",""0"","""""
"1235,""943"",""1.3096500530223"",""286"",""1"","""""
"378,""2671"",""0.14152002995133"",""286"",""0"","""""
"518,""2671"",""0.19393485585923"",""286"",""0"","""""
"722,""2514"",""0.28719172633254"",""286"",""0"","""""
"1289,""943"",""1.3669141039236"",""286"",""1"","""""
"258,""2671"",""0.096593036315987"",""286"",""0"","""""
"462,""2671"",""0.17296892549607"",""286"",""0"","""""
"791,""2514"",""0.31463802704853"",""286"",""0"","""""
"1320,""943"",""1.3997879109226"",""286"",""1"","""""
"287,""2671"",""0.10745039311119"",""286"",""0"","""""
"490,""2671"",""0.18345189067765"",""286"",""0"","""""
"571,""2514"",""0.22712808273667"",""286"",""0"","""""
"1190,""943"",""1.2619300106045"",""286"",""1"","""""
"398,""2671"",""0.14900786222389"",""286"",""0"","""""
"567,""2671"",""0.21228004492699"",""286"",""0"","""""
"975,""2514"",""0.38782816229117"",""286"",""0"","""""
"1572,""943"",""1.6670201484624"",""286"",""1"","""""
"567,""2671"",""0.21228004492699"",""286"",""0"","""""
"428,""2671"",""0.16023961063272"",""286"",""0"","""""
"1193,""2514"",""0.47454256165473"",""286"",""0"","""""
"1437,""943"",""1.5238600212089"",""286"",""1"","""""
"432,""2671"",""0.16173717708723"",""286"",""0"","""""
"534,""2671"",""0.19992512167727"",""286"",""0"","""""
"864,""2514"",""0.3436754176611"",""286"",""0"","""""
"1320,""943"",""1.3997879109226"",""286"",""1"","""""
"467,""2671"",""0.17484088356421"",""286"",""0"","""""
"789,""2671"",""0.29539498315238"",""286"",""0"","""""
"842,""2514"",""0.33492442322991"",""286"",""0"","""""
"1438,""943"",""1.524920466596"",""286"",""1"","""""
"562,""2671"",""0.21040808685885"",""286"",""0"","""""
"874,""2671"",""0.32721827031075"",""286"",""0"","""""
"1375,""2514"",""0.54693715194909"",""286"",""0"","""""
"1730,""943"",""1.8345705196182"",""286"",""1"","""""
"572,""2671"",""0.21415200299513"",""286"",""0"","""""
"346,""2671"",""0.12953949831524"",""286"",""0"","""""
"781,""2514"",""0.31066030230708"",""286"",""0"","""""
"1631,""943"",""1.729586426299"",""286"",""1"","""""
"351,""2671"",""0.13141145638338"",""286"",""0"","""""
"264,""2671"",""0.098839385997754"",""286"",""0"","""""
"683,""2514"",""0.27167859984089"",""286"",""0"","""""
"1244,""943"",""1.3191940615058"",""286"",""1"","""""
"216,""2671"",""0.080868588543617"",""286"",""0"","""""
"568,""2671"",""0.21265443654062"",""286"",""0"","""""
"987,""2514"",""0.39260143198091"",""286"",""0"","""""
"1293,""943"",""1.3711558854719"",""286"",""1"","""""
"313,""2671"",""0.11718457506552"",""286"",""0"","""""
"492,""2671"",""0.1842006739049"",""286"",""0"","""""
"984,""2514"",""0.39140811455847"",""286"",""0"","""""
"1370,""943"",""1.4528101802757"",""286"",""1"","""""
"281,""2671"",""0.10520404342943"",""286"",""0"","""""
"451,""2671"",""0.16885061774616"",""286"",""0"","""""
"562,""2514"",""0.22354813046937"",""286"",""0"","""""
"1198,""943"",""1.270413573701"",""286"",""1"","""""
"761,""2671"",""0.2849120179708"",""286"",""0"","""""
"545,""2671"",""0.20404342942718"",""286"",""0"","""""
"1275,""2514"",""0.50715990453461"",""286"",""0"","""""
"1680,""943"",""1.7815482502651"",""286"",""1"","""""
"567,""2671"",""0.21228004492699"",""286"",""0"","""""
"451,""2671"",""0.16885061774616"",""286"",""0"","""""
"1172,""2514"",""0.46618933969769"",""286"",""0"","""""
"1542,""943"",""1.6352067868505"",""286"",""1"","""""
"212,""2671"",""0.079371022089105"",""286"",""0"","""""
"382,""2671"",""0.14301759640584"",""286"",""0"","""""
"793,""2514"",""0.31543357199682"",""286"",""0"","""""
"1042,""943"",""1.1049840933192"",""286"",""1"","""""
"610,""2671"",""0.22837888431299"",""286"",""0"","""""
"295,""2671"",""0.11044552602022"",""286"",""0"","""""
"1176,""2514"",""0.46778042959427"",""286"",""0"","""""
"1261,""943"",""1.3372216330859"",""286"",""1"","""""
"257,""2671"",""0.096218644702359"",""286"",""0"","""""
"570,""2671"",""0.21340321976788"",""286"",""0"","""""
"966,""2514"",""0.38424821002387"",""286"",""0"","""""
"1537,""943"",""1.6299045599152"",""286"",""1"","""""
"452,""2671"",""0.16922500935979"",""286"",""0"","""""
"671,""2671"",""0.25121677274429"",""286"",""0"","""""
"1247,""2514"",""0.49602227525855"",""286"",""0"","""""
"1562,""943"",""1.6564156945917"",""286"",""1"","""""
"432,""2671"",""0.16173717708723"",""286"",""0"","""""
"234,""2671"",""0.087607637588918"",""286"",""0"","""""
"562,""2514"",""0.22354813046937"",""286"",""0"","""""
"1342,""943"",""1.423117709438"",""286"",""1"","""""
"542,""2671"",""0.2029202545863"",""286"",""0"","""""
"762,""2671"",""0.28528640958443"",""286"",""0"","""""
"765,""2514"",""0.30429594272076"",""286"",""0"","""""
"1562,""943"",""1.6564156945917"",""286"",""1"","""""
"582,""2671"",""0.21789591913141"",""286"",""0"","""""
"671,""2671"",""0.25121677274429"",""286"",""0"","""""
"973,""2514"",""0.38703261734288"",""286"",""0"","""""
"1620,""943"",""1.7179215270414"",""286"",""1"","""""
"569,""2671"",""0.21302882815425"",""286"",""0"","""""
"789,""2671"",""0.29539498315238"",""286"",""0"","""""
"1450,""2514"",""0.57677008750994"",""286"",""0"","""""
"1275,""943"",""1.3520678685048"",""286"",""1"","""""
"6112,""2671"",""2.2882815424934"",""286"",""1"","""""
"208,""2671"",""0.077873455634594"",""286"",""0"","""""
"968,""2514"",""0.38504375497216"",""286"",""0"","""""
"1422,""943"",""1.507953340403"",""286"",""1"","""""
"1030,""2671"",""0.38562336203669"",""286"",""0"","""""
"664,""2671"",""0.2485960314489"",""286"",""0"","""""
"1894,""2514"",""0.75338106603023"",""286"",""1"","""""
"1626,""943"",""1.7242841993637"",""286"",""1"","""""
"329,""2671"",""0.12317484088356"",""286"",""0"","""""
"452,""2671"",""0.16922500935979"",""286"",""0"","""""
"1336,""2514"",""0.53142402545744"",""286"",""0"","""""
"1452,""943"",""1.5397667020148"",""286"",""1"","""""
"278,""2671"",""0.10408086858854"",""286"",""0"","""""
"365,""2671"",""0.13665293897417"",""286"",""0"","""""
"956,""2514"",""0.38027048528242"",""286"",""0"","""""
"1762,""943"",""1.8685047720042"",""286"",""1"","""""
"452,""2671"",""0.16922500935979"",""286"",""0"","""""
"321,""2671"",""0.12017970797454"",""286"",""0"","""""
"762,""2514"",""0.30310262529833"",""286"",""0"","""""
"1452,""943"",""1.5397667020148"",""286"",""1"","""""
"563,""2671"",""0.21078247847248"",""286"",""0"","""""
"782,""2671"",""0.29277424185698"",""286"",""0"","""""
"1347,""2514"",""0.53579952267303"",""286"",""0"","""""
"1592,""943"",""1.6882290562036"",""286"",""1"","""""
"345,""2671"",""0.12916510670161"",""286"",""0"","""""
"452,""2671"",""0.16922500935979"",""286"",""0"","""""
"1032,""2514"",""0.41050119331742"",""286"",""0"","""""
"1355,""943"",""1.4369034994698"",""286"",""1"","""""
"573,""2671"",""0.21452639460876"",""286"",""0"","""""
"299,""2671"",""0.11194309247473"",""286"",""0"","""""
"1199,""2514"",""0.4769291964996"",""286"",""0"","""""
"1281,""943"",""1.3584305408271"",""286"",""1"","""""
"313,""2671"",""0.11718457506552"",""286"",""0"","""""
"452,""2671"",""0.16922500935979"",""286"",""0"","""""
"984,""2514"",""0.39140811455847"",""286"",""0"","""""
"1231,""943"",""1.305408271474"",""286"",""1"","""""
"287,""2671"",""0.10745039311119"",""286"",""0"","""""
"451,""2671"",""0.16885061774616"",""286"",""0"","""""
"678,""2514"",""0.26968973747017"",""286"",""0"","""""
"1765,""943"",""1.8716861081654"",""286"",""1"","""""
"362,""2671"",""0.13552976413328"",""286"",""0"","""""
"543,""2671"",""0.20329464619993"",""286"",""0"","""""
"768,""2514"",""0.3054892601432"",""286"",""0"","""""
"1562,""943"",""1.6564156945917"",""286"",""1"","""""
"562,""2671"",""0.21040808685885"",""286"",""0"","""""
"245,""2671"",""0.091725945338824"",""286"",""0"","""""
"2820,""2514"",""1.1217183770883"",""286"",""1"","""""
"1569,""943"",""1.6638388123012"",""286"",""1"","""""
"673,""2671"",""0.25196555597155"",""286"",""0"","""""
"562,""2671"",""0.21040808685885"",""286"",""0"","""""
"1782,""2514"",""0.70883054892601"",""286"",""0"","""""
"1782,""943"",""1.8897136797455"",""286"",""1"","""""
"532,""2671"",""0.19917633845002"",""286"",""0"","""""
"764,""2671"",""0.28603519281168"",""286"",""0"","""""
"1724,""2514"",""0.68575974542562"",""286"",""0"","""""
"1983,""943"",""2.1028632025451"",""286"",""1"","""""
"597,""2671"",""0.22351179333583"",""286"",""0"","""""
"200,""2671"",""0.074878322725571"",""286"",""0"","""""
"925,""2514"",""0.36793953858393"",""286"",""0"","""""
"1400,""943"",""1.4846235418876"",""286"",""1"","""""
"997,""2617"",""0.38097057699656"",""286"",""0"","""""
"745,""2671"",""0.27892175215275"",""286"",""0"","""""
"1845,""2514"",""0.73389021479714"",""286"",""0"","""""
"1578,""943"",""1.6733828207847"",""286"",""1"","""""
"452,""2671"",""0.16922500935979"",""286"",""0"","""""
"762,""2671"",""0.28528640958443"",""286"",""0"","""""
"1894,""2514"",""0.75338106603023"",""286"",""1"","""""
"1626,""943"",""1.7242841993637"",""286"",""1"","""""
"762,""2671"",""0.28528640958443"",""286"",""0"","""""
"562,""2671"",""0.21040808685885"",""286"",""0"","""""
"1782,""2514"",""0.70883054892601"",""286"",""0"","""""
"1452,""943"",""1.5397667020148"",""286"",""1"","""""
"543,""2671"",""0.20329464619993"",""286"",""0"","""""
"267,""2671"",""0.099962560838637"",""286"",""0"","""""
"1320,""2514"",""0.52505966587112"",""286"",""0"","""""
"1530,""943"",""1.6224814422057"",""286"",""1"","""""
"452,""2671"",""0.16922500935979"",""286"",""0"","""""
"354,""2671"",""0.13253463122426"",""286"",""0"","""""
"672,""2514"",""0.2673031026253"",""286"",""0"","""""
"1567,""943"",""1.661717921527"",""286"",""1"","""""
"598,""2671"",""0.22388618494946"",""286"",""0"","""""
"782,""2671"",""0.29277424185698"",""286"",""0"","""""
"1672,""2514"",""0.66507557677009"",""286"",""0"","""""
"1982,""943"",""2.101802757158"",""286"",""1"","""""
"542,""2671"",""0.2029202545863"",""286"",""0"","""""
"462,""2671"",""0.17296892549607"",""286"",""0"","""""
"985,""2514"",""0.39180588703262"",""286"",""0"","""""
"1562,""943"",""1.6564156945917"",""286"",""1"","""""
"362,""2671"",""0.13552976413328"",""286"",""0"","""""
"563,""2671"",""0.21078247847248"",""286"",""0"","""""
"936,""2514"",""0.37231503579952"",""286"",""0"","""""
"1281,""943"",""1.3584305408271"",""286"",""1"","""""
"610,""2671"",""0.22837888431299"",""286"",""0"","""""
"563,""2671"",""0.21078247847248"",""286"",""0"","""""
"1452,""2514"",""0.57756563245823"",""286"",""0"","""""
"1562,""943"",""1.6564156945917"",""286"",""1"","""""
"542,""2671"",""0.2029202545863"",""286"",""0"","""""
"297,""2671"",""0.11119430924747"",""286"",""0"","""""
"8782,""2514"",""3.4932378679395"",""286"",""1"","""""
"1023,""943"",""1.084835630965"",""286"",""1"","""""
"686,""2671"",""0.25683264694871"",""286"",""0"","""""
"692,""2671"",""0.25907899663048"",""286"",""0"","""""
"1782,""2514"",""0.70883054892601"",""286"",""0"","""""
"1469,""943"",""1.5577942735949"",""286"",""1"","""""
"563,""2671"",""0.21078247847248"",""286"",""0"","""""
"762,""2671"",""0.28528640958443"",""286"",""0"","""""
"985,""2514"",""0.39180588703262"",""286"",""0"","""""
"1033,""943"",""1.0954400848356"",""286"",""1"","""""
"328,""2671"",""0.12280044926994"",""286"",""0"","""""
"612,""2671"",""0.22912766754025"",""286"",""0"","""""
"675,""2514"",""0.26849642004773"",""286"",""0"","""""
"1396,""943"",""1.4803817603393"",""286"",""1"","""""
"564,""2671"",""0.21115687008611"",""286"",""0"","""""
"352,""2671"",""0.131785847997"",""286"",""0"","""""
"964,""2514"",""0.38345266507558"",""286"",""0"","""""
"1148,""943"",""1.2173913043478"",""286"",""1"","""""
"752,""2671"",""0.28154249344815"",""286"",""0"","""""
"689,""2671"",""0.25795582178959"",""286"",""0"","""""
"1682,""2514"",""0.66905330151154"",""286"",""0"","""""
"1578,""943"",""1.6733828207847"",""286"",""1"","""""
"896,""2617"",""0.34237676729079"",""286"",""0"","""""
"785,""2671"",""0.29389741669787"",""286"",""0"","""""
"1793,""2514"",""0.71320604614161"",""286"",""0"","""""
"1629,""943"",""1.7274655355249"",""286"",""1"","""""
"673,""2671"",""0.25196555597155"",""286"",""0"","""""
"556,""2671"",""0.20816173717709"",""286"",""0"","""""
"1765,""2514"",""0.70206841686555"",""286"",""0"","""""
"1234,""943"",""1.3085896076352"",""286"",""1"","""""
"534,""2671"",""0.19992512167727"",""286"",""0"","""""
"599,""2671"",""0.22426057656308"",""286"",""0"","""""
"2796,""2514"",""1.1121718377088"",""286"",""1"","""""
"1299,""943"",""1.3775185577943"",""286"",""1"","""""
"364,""2671"",""0.13627854736054"",""286"",""0"","""""
"589,""2671"",""0.22051666042681"",""286"",""0"","""""
"836,""2514"",""0.33253778838504"",""286"",""0"","""""
"1352,""943"",""1.4337221633086"",""286"",""1"","""""
"352,""2671"",""0.131785847997"",""286"",""0"","""""
"278,""2671"",""0.10408086858854"",""286"",""0"","""""
"572,""2514"",""0.22752585521082"",""286"",""0"","""""
"1070,""943"",""1.1346765641569"",""286"",""1"","""""
"600,""2671"",""0.22463496817671"",""286"",""0"","""""
"783,""2671"",""0.29314863347061"",""286"",""0"","""""
"1567,""2514"",""0.62330946698488"",""286"",""0"","""""
"1178,""943"",""1.2492046659597"",""286"",""1"","""""
"584,""2671"",""0.21864470235867"",""286"",""0"","""""
"315,""2671"",""0.11793335829277"",""286"",""0"","""""
"1173,""2514"",""0.46658711217184"",""286"",""0"","""""
"1456,""943"",""1.5440084835631"",""286"",""1"","""""
"453,""2671"",""0.16959940097342"",""286"",""0"","""""
"542,""2671"",""0.2029202545863"",""286"",""0"","""""
"873,""2514"",""0.3472553699284"",""286"",""0"","""""
"1302,""943"",""1.3806998939555"",""286"",""1"","""""
"345,""2671"",""0.12916510670161"",""286"",""0"","""""
"567,""2671"",""0.21228004492699"",""286"",""0"","""""
"1567,""2514"",""0.62330946698488"",""286"",""0"","""""
"1261,""943"",""1.3372216330859"",""286"",""1"","""""
"563,""2671"",""0.21078247847248"",""286"",""0"","""""
"342,""2671"",""0.12804193186073"",""286"",""0"","""""
"984,""2514"",""0.39140811455847"",""286"",""0"","""""
"1509,""943"",""1.6002120890774"",""286"",""1"","""""
"589,""2671"",""0.22051666042681"",""286"",""0"","""""
"687,""2671"",""0.25720703856234"",""286"",""0"","""""
"1083,""2514"",""0.43078758949881"",""286"",""0"","""""
"1387,""943"",""1.4708377518558"",""286"",""1"","""""
"589,""2671"",""0.22051666042681"",""286"",""0"","""""
"735,""2671"",""0.27517783601647"",""286"",""0"","""""
"1726,""2514"",""0.68655529037391"",""286"",""0"","""""
"1374,""943"",""1.457051961824"",""286"",""1"","""""
"359,""2671"",""0.1344065892924"",""286"",""0"","""""
"783,""2671"",""0.29314863347061"",""286"",""0"","""""
"1634,""2514"",""0.64996022275259"",""286"",""0"","""""
"1876,""943"",""1.9893955461294"",""286"",""1"","""""
"465,""2671"",""0.17409210033695"",""286"",""0"","""""
"788,""2671"",""0.29502059153875"",""286"",""0"","""""
"935,""2514"",""0.37191726332538"",""286"",""0"","""""
"1431,""943"",""1.5174973488865"",""286"",""1"","""""
"673,""2671"",""0.25196555597155"",""286"",""0"","""""
"851,""2671"",""0.3186072631973"",""286"",""0"","""""
"2580,""2514"",""1.0262529832936"",""286"",""1"","""""
"1865,""943"",""1.9777306468717"",""286"",""1"","""""
